name,pep_res_idx,res_num,chain_id,aa_prob,aa
2KC8_0001,0,B,47,0.1090005487203598,E
2KC8_0001,1,B,48,0.10089636594057083,G
2KC8_0001,2,B,49,0.22769252955913544,S
2KC8_0001,3,B,50,0.106148362159729,R
2KC8_0001,4,B,51,0.18097525835037231,T
2KC8_0001,5,B,52,0.22352983057498932,D
2KC8_0001,6,B,53,0.49697524309158325,E
2KC8_0001,7,B,54,0.4422481060028076,E
2KC8_0001,8,B,55,0.5618112683296204,D
2KC8_0001,9,B,56,0.13597896695137024,D
2KC8_0001,10,B,57,0.3832380771636963,V
2KC8_0001,11,B,58,0.4046868085861206,L
2KC8_0001,12,B,59,0.15399911999702454,E
2KC8_0001,13,B,60,0.12209593504667282,K
2KC8_0001,14,B,61,0.3512779474258423,I
2KC8_0001,15,B,62,0.19525130093097687,Y
2KC8_0001,16,B,63,0.11511968076229095,R
2KC8_0001,17,B,64,0.13744047284126282,E
2KC8_0001,18,B,65,0.15581999719142914,Y
2KC8_0001,19,B,66,0.13536669313907623,L
2KC8_0001,20,B,67,0.11500079929828644,K
2KC8_0001,21,B,68,0.12560561299324036,N
2KC8_0001,22,B,69,0.2799430191516876,P
2KC8_0001,23,B,70,0.16191907227039337,K
2KC8_0001,24,B,71,0.2947446405887604,P
2KC8_0001,25,B,72,0.33326229453086853,V
2KC8_0001,26,B,73,0.16908274590969086,E
2KC8_0001,27,B,74,0.1823497712612152,R
2KC8_0001,28,B,75,0.29674607515335083,T
2KC8_0001,29,B,76,0.4080633819103241,V
2KC8_0001,30,B,77,0.16703784465789795,E
2KC8_0001,31,B,78,0.10918454080820084,E
2KC8_0001,32,B,79,0.22322922945022583,L
2KC8_0002,0,B,47,0.09313511103391647,P
2KC8_0002,1,B,48,0.10018185526132584,E
2KC8_0002,2,B,49,0.25646233558654785,S
2KC8_0002,3,B,50,0.09701120108366013,T
2KC8_0002,4,B,51,0.15852496027946472,Q
2KC8_0002,5,B,52,0.2690911889076233,G
2KC8_0002,6,B,53,0.10866635292768478,A
2KC8_0002,7,B,54,0.49786996841430664,L
2KC8_0002,8,B,55,0.8816785216331482,D
2KC8_0002,9,B,56,0.14677925407886505,D
2KC8_0002,10,B,57,0.2674724757671356,V
2KC8_0002,11,B,58,0.32707759737968445,L
2KC8_0002,12,B,59,0.21298553049564362,V
2KC8_0002,13,B,60,0.14439629018306732,E
2KC8_0002,14,B,61,0.15349942445755005,E
2KC8_0002,15,B,62,0.43737953901290894,I
2KC8_0002,16,B,63,0.13728444278240204,K
2KC8_0002,17,B,64,0.12427972257137299,E
2KC8_0002,18,B,65,0.2383492887020111,E
2KC8_0002,19,B,66,0.11492972820997238,Q
2KC8_0002,20,B,67,0.14000317454338074,K
2KC8_0002,21,B,68,0.10603292286396027,S
2KC8_0002,22,B,69,0.1230219379067421,P
2KC8_0002,23,B,70,0.1611984223127365,K
2KC8_0002,24,B,71,0.35368090867996216,P
2KC8_0002,25,B,72,0.2230563759803772,V
2KC8_0002,26,B,73,0.1170211136341095,P
2KC8_0002,27,B,74,0.1478494554758072,V
2KC8_0002,28,B,75,0.3358132541179657,S
2KC8_0002,29,B,76,0.491731733083725,V
2KC8_0002,30,B,77,0.1692446619272232,E
2KC8_0002,31,B,78,0.12373495101928711,E
2KC8_0002,32,B,79,0.4753141403198242,L
2KC8_0003,0,B,47,0.09055457264184952,G
2KC8_0003,1,B,48,0.08756845444440842,E
2KC8_0003,2,B,49,0.10714218020439148,E
2KC8_0003,3,B,50,0.105814129114151,T
2KC8_0003,4,B,51,0.20709727704524994,T
2KC8_0003,5,B,52,0.43527546525001526,G
2KC8_0003,6,B,53,0.12878194451332092,V
2KC8_0003,7,B,54,0.3369027376174927,E
2KC8_0003,8,B,55,0.820652425289154,S
2KC8_0003,9,B,56,0.1346641331911087,D
2KC8_0003,10,B,57,0.17188777029514313,V
2KC8_0003,11,B,58,0.5101345777511597,L
2KC8_0003,12,B,59,0.1444835066795349,K
2KC8_0003,13,B,60,0.1143704280257225,K
2KC8_0003,14,B,61,0.18927490711212158,E
2KC8_0003,15,B,62,0.3802947700023651,V
2KC8_0003,16,B,63,0.12082679569721222,K
2KC8_0003,17,B,64,0.13441252708435059,E
2KC8_0003,18,B,65,0.1171773299574852,E
2KC8_0003,19,B,66,0.22133614122867584,L
2KC8_0003,20,B,67,0.14501774311065674,K
2KC8_0003,21,B,68,0.14631138741970062,N
2KC8_0003,22,B,69,0.2675091028213501,P
2KC8_0003,23,B,70,0.14429867267608643,K
2KC8_0003,24,B,71,0.20982564985752106,P
2KC8_0003,25,B,72,0.1302085518836975,K
2KC8_0003,26,B,73,0.14775198698043823,I
2KC8_0003,27,B,74,0.16612210869789124,T
2KC8_0003,28,B,75,0.24946658313274384,T
2KC8_0003,29,B,76,0.4724592864513397,V
2KC8_0003,30,B,77,0.1647302359342575,E
2KC8_0003,31,B,78,0.11681976914405823,E
2KC8_0003,32,B,79,0.303022176027298,L
2KC8_0004,0,B,47,0.0834963470697403,E
2KC8_0004,1,B,48,0.09013690799474716,E
2KC8_0004,2,B,49,0.15644140541553497,T
2KC8_0004,3,B,50,0.48129013180732727,P
2KC8_0004,4,B,51,0.1574491709470749,G
2KC8_0004,5,B,52,0.36023715138435364,S
2KC8_0004,6,B,53,0.1517811268568039,E
2KC8_0004,7,B,54,0.34146010875701904,E
2KC8_0004,8,B,55,0.46216779947280884,S
2KC8_0004,9,B,56,0.2504238784313202,Y
2KC8_0004,10,B,57,0.5349282622337341,E
2KC8_0004,11,B,58,0.2062024623155594,W
2KC8_0004,12,B,59,0.259969025850296,E
2KC8_0004,13,B,60,0.1099894642829895,K
2KC8_0004,14,B,61,0.1906120777130127,V
2KC8_0004,15,B,62,0.25005194544792175,V
2KC8_0004,16,B,63,0.11606331914663315,K
2KC8_0004,17,B,64,0.13818608224391937,E
2KC8_0004,18,B,65,0.14401371777057648,R
2KC8_0004,19,B,66,0.23943248391151428,L
2KC8_0004,20,B,67,0.14404387772083282,K
2KC8_0004,21,B,68,0.12259161472320557,N
2KC8_0004,22,B,69,0.11746038496494293,R
2KC8_0004,23,B,70,0.1433100551366806,K
2KC8_0004,24,B,71,0.3763233721256256,P
2KC8_0004,25,B,72,0.36178284883499146,I
2KC8_0004,26,B,73,0.11085227876901627,E
2KC8_0004,27,B,74,0.16955631971359253,R
2KC8_0004,28,B,75,0.39749178290367126,T
2KC8_0004,29,B,76,0.4378731846809387,V
2KC8_0004,30,B,77,0.20871488749980927,E
2KC8_0004,31,B,78,0.12785039842128754,E
2KC8_0004,32,B,79,0.36979034543037415,L
2KC8_0005,0,B,47,0.10494650155305862,P
2KC8_0005,1,B,48,0.248776376247406,L
2KC8_0005,2,B,49,0.1431586891412735,V
2KC8_0005,3,B,50,0.09590096771717072,S
2KC8_0005,4,B,51,0.24352894723415375,I
2KC8_0005,5,B,52,0.4348330497741699,G
2KC8_0005,6,B,53,0.5445181131362915,A
2KC8_0005,7,B,54,0.42294561862945557,E
2KC8_0005,8,B,55,0.6710694432258606,D
2KC8_0005,9,B,56,0.11761071532964706,D
2KC8_0005,10,B,57,0.21387764811515808,V
2KC8_0005,11,B,58,0.2264767736196518,W
2KC8_0005,12,B,59,0.3859424889087677,D
2KC8_0005,13,B,60,0.11455216258764267,K
2KC8_0005,14,B,61,0.12191947549581528,E
2KC8_0005,15,B,62,0.7168008089065552,V
2KC8_0005,16,B,63,0.14946448802947998,K
2KC8_0005,17,B,64,0.13822291791439056,E
2KC8_0005,18,B,65,0.15005946159362793,E
2KC8_0005,19,B,66,0.16688479483127594,L
2KC8_0005,20,B,67,0.15810072422027588,K
2KC8_0005,21,B,68,0.11002324521541595,N
2KC8_0005,22,B,69,0.1524999886751175,P
2KC8_0005,23,B,70,0.14141316711902618,K
2KC8_0005,24,B,71,0.20079649984836578,P
2KC8_0005,25,B,72,0.23891569674015045,I
2KC8_0005,26,B,73,0.10806585848331451,E
2KC8_0005,27,B,74,0.22973018884658813,L
2KC8_0005,28,B,75,0.28588607907295227,S
2KC8_0005,29,B,76,0.2492091953754425,I
2KC8_0005,30,B,77,0.16732457280158997,E
2KC8_0005,31,B,78,0.10927918553352356,E
2KC8_0005,32,B,79,0.26156947016716003,L
2KC8_0006,0,B,47,0.11224780231714249,P
2KC8_0006,1,B,48,0.10281174629926682,S
2KC8_0006,2,B,49,0.09013334661722183,E
2KC8_0006,3,B,50,0.1309785693883896,L
2KC8_0006,4,B,51,0.30196693539619446,T
2KC8_0006,5,B,52,0.16462819278240204,G
2KC8_0006,6,B,53,0.08823874592781067,A
2KC8_0006,7,B,54,0.4697486162185669,E
2KC8_0006,8,B,55,0.34016215801239014,S
2KC8_0006,9,B,56,0.144325852394104,K
2KC8_0006,10,B,57,0.4553021192550659,E
2KC8_0006,11,B,58,0.4199497103691101,L
2KC8_0006,12,B,59,0.42323166131973267,V
2KC8_0006,13,B,60,0.13769088685512543,R
2KC8_0006,14,B,61,0.23410746455192566,L
2KC8_0006,15,B,62,0.29984715580940247,V
2KC8_0006,16,B,63,0.14127562940120697,K
2KC8_0006,17,B,64,0.13922782242298126,E
2KC8_0006,18,B,65,0.12838797271251678,R
2KC8_0006,19,B,66,0.12303835153579712,A
2KC8_0006,20,B,67,0.14118197560310364,K
2KC8_0006,21,B,68,0.11499308049678802,N
2KC8_0006,22,B,69,0.1572246253490448,L
2KC8_0006,23,B,70,0.11948413401842117,K
2KC8_0006,24,B,71,0.32027724385261536,W
2KC8_0006,25,B,72,0.2332112044095993,I
2KC8_0006,26,B,73,0.16426895558834076,E
2KC8_0006,27,B,74,0.3298105001449585,I
2KC8_0006,28,B,75,0.31908077001571655,T
2KC8_0006,29,B,76,0.3345085680484772,I
2KC8_0006,30,B,77,0.20093882083892822,E
2KC8_0006,31,B,78,0.11180005967617035,E
2KC8_0006,32,B,79,0.41136476397514343,L
2KC8_0007,0,B,47,0.11216451227664948,P
2KC8_0007,1,B,48,0.12867382168769836,E
2KC8_0007,2,B,49,0.33294638991355896,A
2KC8_0007,3,B,50,0.10543660819530487,E
2KC8_0007,4,B,51,0.13860833644866943,G
2KC8_0007,5,B,52,0.40557944774627686,S
2KC8_0007,6,B,53,0.2059185951948166,E
2KC8_0007,7,B,54,0.397487074136734,E
2KC8_0007,8,B,55,0.6342567205429077,D
2KC8_0007,9,B,56,0.2542707622051239,D
2KC8_0007,10,B,57,0.2337145209312439,V
2KC8_0007,11,B,58,0.2896628677845001,L
2KC8_0007,12,B,59,0.19530458748340607,E
2KC8_0007,13,B,60,0.13643698394298553,K
2KC8_0007,14,B,61,0.16003035008907318,L
2KC8_0007,15,B,62,0.3022773563861847,V
2KC8_0007,16,B,63,0.13832032680511475,K
2KC8_0007,17,B,64,0.12012806534767151,E
2KC8_0007,18,B,65,0.23958554863929749,E
2KC8_0007,19,B,66,0.11904364824295044,Q
2KC8_0007,20,B,67,0.12255880236625671,K
2KC8_0007,21,B,68,0.13284215331077576,N
2KC8_0007,22,B,69,0.1755862534046173,P
2KC8_0007,23,B,70,0.15978626906871796,K
2KC8_0007,24,B,71,0.16413843631744385,G
2KC8_0007,25,B,72,0.23823273181915283,I
2KC8_0007,26,B,73,0.18952283263206482,E
2KC8_0007,27,B,74,0.23845314979553223,I
2KC8_0007,28,B,75,0.34633126854896545,T
2KC8_0007,29,B,76,0.32687991857528687,I
2KC8_0007,30,B,77,0.1832113265991211,E
2KC8_0007,31,B,78,0.10863646864891052,E
2KC8_0007,32,B,79,0.2537892162799835,L
2KC8_0008,0,B,47,0.099161297082901,P
2KC8_0008,1,B,48,0.10689236968755722,S
2KC8_0008,2,B,49,0.13069525361061096,L
2KC8_0008,3,B,50,0.10600624233484268,L
2KC8_0008,4,B,51,0.19293558597564697,T
2KC8_0008,5,B,52,0.2800130248069763,S
2KC8_0008,6,B,53,0.35596764087677,E
2KC8_0008,7,B,54,0.45185407996177673,A
2KC8_0008,8,B,55,0.48244017362594604,S
2KC8_0008,9,B,56,0.09837204962968826,D
2KC8_0008,10,B,57,0.17738504707813263,V
2KC8_0008,11,B,58,0.301033079624176,L
2KC8_0008,12,B,59,0.1252570003271103,V
2KC8_0008,13,B,60,0.11137739568948746,V
2KC8_0008,14,B,61,0.1470605880022049,E
2KC8_0008,15,B,62,0.4070737957954407,I
2KC8_0008,16,B,63,0.11741983145475388,K
2KC8_0008,17,B,64,0.1452043652534485,E
2KC8_0008,18,B,65,0.16394592821598053,E
2KC8_0008,19,B,66,0.19175782799720764,L
2KC8_0008,20,B,67,0.1381344050168991,K
2KC8_0008,21,B,68,0.11960462480783463,N
2KC8_0008,22,B,69,0.25663843750953674,P
2KC8_0008,23,B,70,0.13161787390708923,K
2KC8_0008,24,B,71,0.34347862005233765,P
2KC8_0008,25,B,72,0.14276562631130219,K
2KC8_0008,26,B,73,0.2655174136161804,E
2KC8_0008,27,B,74,0.1864113062620163,I
2KC8_0008,28,B,75,0.2982642948627472,T
2KC8_0008,29,B,76,0.2653009593486786,V
2KC8_0008,30,B,77,0.1623656451702118,E
2KC8_0008,31,B,78,0.11154913157224655,E
2KC8_0008,32,B,79,0.3634325861930847,L
2KC8_0009,0,B,47,0.08238884061574936,G
2KC8_0009,1,B,48,0.08215636014938354,L
2KC8_0009,2,B,49,0.19578874111175537,D
2KC8_0009,3,B,50,0.10077599436044693,R
2KC8_0009,4,B,51,0.14323799312114716,L
2KC8_0009,5,B,52,0.19490277767181396,S
2KC8_0009,6,B,53,0.1277964562177658,E
2KC8_0009,7,B,54,0.34835124015808105,E
2KC8_0009,8,B,55,0.7672958970069885,D
2KC8_0009,9,B,56,0.29207754135131836,D
2KC8_0009,10,B,57,0.2450687438249588,I
2KC8_0009,11,B,58,0.32671499252319336,L
2KC8_0009,12,B,59,0.4646275043487549,E
2KC8_0009,13,B,60,0.12233559042215347,R
2KC8_0009,14,B,61,0.538345456123352,L
2KC8_0009,15,B,62,0.1903740018606186,V
2KC8_0009,16,B,63,0.1181449368596077,K
2KC8_0009,17,B,64,0.1433788537979126,E
2KC8_0009,18,B,65,0.21390938758850098,Y
2KC8_0009,19,B,66,0.19120396673679352,L
2KC8_0009,20,B,67,0.13785792887210846,K
2KC8_0009,21,B,68,0.13560307025909424,N
2KC8_0009,22,B,69,0.21546199917793274,P
2KC8_0009,23,B,70,0.14880764484405518,K
2KC8_0009,24,B,71,0.5709155797958374,P
2KC8_0009,25,B,72,0.31987184286117554,V
2KC8_0009,26,B,73,0.1019357368350029,R
2KC8_0009,27,B,74,0.16944697499275208,V
2KC8_0009,28,B,75,0.3048253059387207,T
2KC8_0009,29,B,76,0.3558245599269867,I
2KC8_0009,30,B,77,0.19058039784431458,E
2KC8_0009,31,B,78,0.1213778555393219,E
2KC8_0009,32,B,79,0.40674522519111633,L
2KC8_0010,0,B,47,0.09018892794847488,P
2KC8_0010,1,B,48,0.111653171479702,P
2KC8_0010,2,B,49,0.16725730895996094,S
2KC8_0010,3,B,50,0.12995456159114838,L
2KC8_0010,4,B,51,0.18734747171401978,S
2KC8_0010,5,B,52,0.3391198515892029,G
2KC8_0010,6,B,53,0.21144765615463257,E
2KC8_0010,7,B,54,0.35773155093193054,E
2KC8_0010,8,B,55,0.5425637364387512,S
2KC8_0010,9,B,56,0.23274336755275726,D
2KC8_0010,10,B,57,0.11466158926486969,L
2KC8_0010,11,B,58,0.1385500729084015,D
2KC8_0010,12,B,59,0.28633809089660645,V
2KC8_0010,13,B,60,0.1376742422580719,K
2KC8_0010,14,B,61,0.14122678339481354,V
2KC8_0010,15,B,62,0.19970332086086273,A
2KC8_0010,16,B,63,0.12241052091121674,K
2KC8_0010,17,B,64,0.16519679129123688,A
2KC8_0010,18,B,65,0.12395719438791275,V
2KC8_0010,19,B,66,0.14495190978050232,L
2KC8_0010,20,B,67,0.14554348587989807,K
2KC8_0010,21,B,68,0.14349870383739471,N
2KC8_0010,22,B,69,0.32439661026000977,P
2KC8_0010,23,B,70,0.16345147788524628,K
2KC8_0010,24,B,71,0.4120182693004608,W
2KC8_0010,25,B,72,0.2591019868850708,I
2KC8_0010,26,B,73,0.10793648660182953,E
2KC8_0010,27,B,74,0.15284675359725952,M
2KC8_0010,28,B,75,0.3086208999156952,S
2KC8_0010,29,B,76,0.29978668689727783,V
2KC8_0010,30,B,77,0.1670437902212143,E
2KC8_0010,31,B,78,0.12187289446592331,E
2KC8_0010,32,B,79,0.2620275616645813,L
2KC8_0011,0,B,47,0.08676018565893173,G
2KC8_0011,1,B,48,0.09558135271072388,E
2KC8_0011,2,B,49,0.14224228262901306,S
2KC8_0011,3,B,50,0.16861248016357422,P
2KC8_0011,4,B,51,0.11268071830272675,W
2KC8_0011,5,B,52,0.285470187664032,G
2KC8_0011,6,B,53,0.1216428130865097,L
2KC8_0011,7,B,54,0.264741450548172,E
2KC8_0011,8,B,55,0.7971546053886414,D
2KC8_0011,9,B,56,0.3796170651912689,E
2KC8_0011,10,B,57,0.6144483685493469,Q
2KC8_0011,11,B,58,0.4490179419517517,A
2KC8_0011,12,B,59,0.24440240859985352,E
2KC8_0011,13,B,60,0.237784743309021,K
2KC8_0011,14,B,61,0.13833950459957123,V
2KC8_0011,15,B,62,0.27407699823379517,V
2KC8_0011,16,B,63,0.14983856678009033,K
2KC8_0011,17,B,64,0.2147393673658371,E
2KC8_0011,18,B,65,0.14023862779140472,L
2KC8_0011,19,B,66,0.1153835728764534,G
2KC8_0011,20,B,67,0.1290179044008255,K
2KC8_0011,21,B,68,0.12535078823566437,D
2KC8_0011,22,B,69,0.2511650025844574,P
2KC8_0011,23,B,70,0.1658461093902588,K
2KC8_0011,24,B,71,0.1897764801979065,M
2KC8_0011,25,B,72,0.17372137308120728,I
2KC8_0011,26,B,73,0.1353689432144165,I
2KC8_0011,27,B,74,0.2575092613697052,I
2KC8_0011,28,B,75,0.37425702810287476,T
2KC8_0011,29,B,76,0.22781206667423248,L
2KC8_0011,30,B,77,0.19902527332305908,E
2KC8_0011,31,B,78,0.11226769536733627,E
2KC8_0011,32,B,79,0.29683151841163635,L
2KC8_0012,0,B,47,0.1017976626753807,E
2KC8_0012,1,B,48,0.11740138381719589,E
2KC8_0012,2,B,49,0.14122621715068817,L
2KC8_0012,3,B,50,0.13355380296707153,E
2KC8_0012,4,B,51,0.13419967889785767,Q
2KC8_0012,5,B,52,0.31813153624534607,D
2KC8_0012,6,B,53,0.25922152400016785,V
2KC8_0012,7,B,54,0.721877932548523,E
2KC8_0012,8,B,55,0.7462469935417175,D
2KC8_0012,9,B,56,0.10037139803171158,E
2KC8_0012,10,B,57,0.13364431262016296,K
2KC8_0012,11,B,58,0.28271281719207764,L
2KC8_0012,12,B,59,0.23037153482437134,V
2KC8_0012,13,B,60,0.14896324276924133,K
2KC8_0012,14,B,61,0.20842476189136505,V
2KC8_0012,15,B,62,0.22184684872627258,I
2KC8_0012,16,B,63,0.12507393956184387,R
2KC8_0012,17,B,64,0.14793525636196136,E
2KC8_0012,18,B,65,0.1394842267036438,E
2KC8_0012,19,B,66,0.22737336158752441,L
2KC8_0012,20,B,67,0.13332608342170715,K
2KC8_0012,21,B,68,0.13016118109226227,N
2KC8_0012,22,B,69,0.2778424620628357,P
2KC8_0012,23,B,70,0.16167797148227692,K
2KC8_0012,24,B,71,0.4046914577484131,W
2KC8_0012,25,B,72,0.21110889315605164,V
2KC8_0012,26,B,73,0.13798123598098755,E
2KC8_0012,27,B,74,0.19729892909526825,R
2KC8_0012,28,B,75,0.3409227430820465,T
2KC8_0012,29,B,76,0.5769093632698059,V
2KC8_0012,30,B,77,0.21544744074344635,E
2KC8_0012,31,B,78,0.11142232269048691,E
2KC8_0012,32,B,79,0.4536381661891937,L
2KC8_0013,0,B,47,0.09026547521352768,P
2KC8_0013,1,B,48,0.10450631380081177,E
2KC8_0013,2,B,49,0.1056961715221405,E
2KC8_0013,3,B,50,0.10596585273742676,L
2KC8_0013,4,B,51,0.19071780145168304,T
2KC8_0013,5,B,52,0.42211058735847473,S
2KC8_0013,6,B,53,0.45371362566947937,E
2KC8_0013,7,B,54,0.14032897353172302,G
2KC8_0013,8,B,55,0.6159641146659851,D
2KC8_0013,9,B,56,0.28191858530044556,E
2KC8_0013,10,B,57,0.10894826054573059,V
2KC8_0013,11,B,58,0.49099957942962646,L
2KC8_0013,12,B,59,0.10985344648361206,N
2KC8_0013,13,B,60,0.10313454270362854,K
2KC8_0013,14,B,61,0.3195977509021759,L
2KC8_0013,15,B,62,0.18586041033267975,V
2KC8_0013,16,B,63,0.15216360986232758,R
2KC8_0013,17,B,64,0.15497475862503052,E
2KC8_0013,18,B,65,0.15810823440551758,H
2KC8_0013,19,B,66,0.15453924238681793,L
2KC8_0013,20,B,67,0.14457035064697266,K
2KC8_0013,21,B,68,0.1388351172208786,N
2KC8_0013,22,B,69,0.35864827036857605,P
2KC8_0013,23,B,70,0.17396654188632965,K
2KC8_0013,24,B,71,0.41735589504241943,W
2KC8_0013,25,B,72,0.26135963201522827,I
2KC8_0013,26,B,73,0.15322984755039215,E
2KC8_0013,27,B,74,0.14258165657520294,R
2KC8_0013,28,B,75,0.40102189779281616,T
2KC8_0013,29,B,76,0.23570884764194489,L
2KC8_0013,30,B,77,0.18620415031909943,E
2KC8_0013,31,B,78,0.12273094058036804,E
2KC8_0013,32,B,79,0.21974971890449524,L
2KC8_0014,0,B,47,0.0844770222902298,P
2KC8_0014,1,B,48,0.07803816348314285,E
2KC8_0014,2,B,49,0.09393758326768875,R
2KC8_0014,3,B,50,0.08246146887540817,L
2KC8_0014,4,B,51,0.1779586225748062,T
2KC8_0014,5,B,52,0.27439355850219727,S
2KC8_0014,6,B,53,0.23077483475208282,E
2KC8_0014,7,B,54,0.5130670666694641,E
2KC8_0014,8,B,55,0.3934515118598938,D
2KC8_0014,9,B,56,0.194644033908844,D
2KC8_0014,10,B,57,0.3179982602596283,L
2KC8_0014,11,B,58,0.3125624656677246,L
2KC8_0014,12,B,59,0.2092304825782776,E
2KC8_0014,13,B,60,0.10017731785774231,K
2KC8_0014,14,B,61,0.341011643409729,I
2KC8_0014,15,B,62,0.16401688754558563,A
2KC8_0014,16,B,63,0.1388874053955078,K
2KC8_0014,17,B,64,0.12209698557853699,E
2KC8_0014,18,B,65,0.282827764749527,R
2KC8_0014,19,B,66,0.1533767729997635,L
2KC8_0014,20,B,67,0.14699918031692505,K
2KC8_0014,21,B,68,0.12155748158693314,N
2KC8_0014,22,B,69,0.1547243893146515,A
2KC8_0014,23,B,70,0.12642952799797058,K
2KC8_0014,24,B,71,0.13269828259944916,P
2KC8_0014,25,B,72,0.2659870684146881,I
2KC8_0014,26,B,73,0.12730738520622253,P
2KC8_0014,27,B,74,0.147468701004982,V
2KC8_0014,28,B,75,0.3757399320602417,T
2KC8_0014,29,B,76,0.3862154185771942,V
2KC8_0014,30,B,77,0.1635953187942505,E
2KC8_0014,31,B,78,0.11474341154098511,E
2KC8_0014,32,B,79,0.3218405842781067,L
2KC8_0015,0,B,47,0.07626602053642273,E
2KC8_0015,1,B,48,0.09274104982614517,V
2KC8_0015,2,B,49,0.16310344636440277,K
2KC8_0015,3,B,50,0.17252668738365173,P
2KC8_0015,4,B,51,0.08857021480798721,S
2KC8_0015,5,B,52,0.3352111876010895,S
2KC8_0015,6,B,53,0.3174542486667633,E
2KC8_0015,7,B,54,0.6074584126472473,E
2KC8_0015,8,B,55,0.7370111346244812,D
2KC8_0015,9,B,56,0.2568930983543396,D
2KC8_0015,10,B,57,0.6970339417457581,Q
2KC8_0015,11,B,58,0.363821804523468,L
2KC8_0015,12,B,59,0.5292786359786987,E
2KC8_0015,13,B,60,0.13895979523658752,K
2KC8_0015,14,B,61,0.16399838030338287,L
2KC8_0015,15,B,62,0.17395278811454773,V
2KC8_0015,16,B,63,0.1285179853439331,R
2KC8_0015,17,B,64,0.14928509294986725,E
2KC8_0015,18,B,65,0.13799767196178436,E
2KC8_0015,19,B,66,0.29519203305244446,L
2KC8_0015,20,B,67,0.16098254919052124,K
2KC8_0015,21,B,68,0.12274009734392166,N
2KC8_0015,22,B,69,0.4521861672401428,P
2KC8_0015,23,B,70,0.14142857491970062,K
2KC8_0015,24,B,71,0.15591974556446075,W
2KC8_0015,25,B,72,0.2268858551979065,V
2KC8_0015,26,B,73,0.20590923726558685,E
2KC8_0015,27,B,74,0.18595966696739197,T
2KC8_0015,28,B,75,0.3081103265285492,T
2KC8_0015,29,B,76,0.3852170407772064,I
2KC8_0015,30,B,77,0.17080968618392944,E
2KC8_0015,31,B,78,0.1196882426738739,E
2KC8_0015,32,B,79,0.3114768862724304,L
2KC8_0016,0,B,47,0.10286649316549301,E
2KC8_0016,1,B,48,0.12159454077482224,E
2KC8_0016,2,B,49,0.21308204531669617,T
2KC8_0016,3,B,50,0.0921870619058609,S
2KC8_0016,4,B,51,0.12560956180095673,R
2KC8_0016,5,B,52,0.43635857105255127,S
2KC8_0016,6,B,53,0.10868307203054428,D
2KC8_0016,7,B,54,0.3976750373840332,E
2KC8_0016,8,B,55,0.7479745149612427,D
2KC8_0016,9,B,56,0.48422929644584656,D
2KC8_0016,10,B,57,0.12500520050525665,V
2KC8_0016,11,B,58,0.3843919634819031,L
2KC8_0016,12,B,59,0.809194803237915,E
2KC8_0016,13,B,60,0.10598475486040115,R
2KC8_0016,14,B,61,0.15877902507781982,E
2KC8_0016,15,B,62,0.5781095027923584,V
2KC8_0016,16,B,63,0.13252286612987518,L
2KC8_0016,17,B,64,0.14185215532779694,E
2KC8_0016,18,B,65,0.21477346122264862,E
2KC8_0016,19,B,66,0.19937017560005188,L
2KC8_0016,20,B,67,0.13779814541339874,K
2KC8_0016,21,B,68,0.13826262950897217,N
2KC8_0016,22,B,69,0.37735211849212646,P
2KC8_0016,23,B,70,0.13625703752040863,K
2KC8_0016,24,B,71,0.280956894159317,P
2KC8_0016,25,B,72,0.20050190389156342,I
2KC8_0016,26,B,73,0.10034962743520737,R
2KC8_0016,27,B,74,0.20380164682865143,I
2KC8_0016,28,B,75,0.29464709758758545,S
2KC8_0016,29,B,76,0.2560123801231384,V
2KC8_0016,30,B,77,0.1714843511581421,E
2KC8_0016,31,B,78,0.11376816034317017,E
2KC8_0016,32,B,79,0.274472177028656,L
2KC8_0017,0,B,47,0.09770504385232925,E
2KC8_0017,1,B,48,0.178156316280365,R
2KC8_0017,2,B,49,0.20362617075443268,S
2KC8_0017,3,B,50,0.10678784549236298,K
2KC8_0017,4,B,51,0.13786594569683075,R
2KC8_0017,5,B,52,0.2501849830150604,G
2KC8_0017,6,B,53,0.2654739320278168,V
2KC8_0017,7,B,54,0.40528905391693115,E
2KC8_0017,8,B,55,0.379548579454422,D
2KC8_0017,9,B,56,0.24397936463356018,D
2KC8_0017,10,B,57,0.26542264223098755,V
2KC8_0017,11,B,58,0.3657834529876709,L
2KC8_0017,12,B,59,0.20842279493808746,E
2KC8_0017,13,B,60,0.12108293175697327,E
2KC8_0017,14,B,61,0.13173362612724304,L
2KC8_0017,15,B,62,0.26575809717178345,A
2KC8_0017,16,B,63,0.12635737657546997,K
2KC8_0017,17,B,64,0.13209697604179382,E
2KC8_0017,18,B,65,0.21153369545936584,E
2KC8_0017,19,B,66,0.16400572657585144,L
2KC8_0017,20,B,67,0.14738152921199799,K
2KC8_0017,21,B,68,0.14115667343139648,N
2KC8_0017,22,B,69,0.29252228140830994,P
2KC8_0017,23,B,70,0.1666603535413742,K
2KC8_0017,24,B,71,0.2077503800392151,P
2KC8_0017,25,B,72,0.16283123195171356,V
2KC8_0017,26,B,73,0.13725221157073975,E
2KC8_0017,27,B,74,0.17680604755878448,R
2KC8_0017,28,B,75,0.41431212425231934,T
2KC8_0017,29,B,76,0.3045671582221985,I
2KC8_0017,30,B,77,0.1764427274465561,E
2KC8_0017,31,B,78,0.1133827343583107,E
2KC8_0017,32,B,79,0.373384952545166,L
2KC8_0018,0,B,47,0.08130481839179993,P
2KC8_0018,1,B,48,0.08785509318113327,E
2KC8_0018,2,B,49,0.2000172883272171,S
2KC8_0018,3,B,50,0.09150029718875885,N
2KC8_0018,4,B,51,0.1412447690963745,G
2KC8_0018,5,B,52,0.11163680255413055,G
2KC8_0018,6,B,53,0.18891198933124542,E
2KC8_0018,7,B,54,0.2549481987953186,E
2KC8_0018,8,B,55,0.1412547528743744,S
2KC8_0018,9,B,56,0.15534226596355438,D
2KC8_0018,10,B,57,0.18817144632339478,V
2KC8_0018,11,B,58,0.23261712491512299,L
2KC8_0018,12,B,59,0.7656418681144714,E
2KC8_0018,13,B,60,0.12641580402851105,Q
2KC8_0018,14,B,61,0.18414609134197235,V
2KC8_0018,15,B,62,0.18495707213878632,Y
2KC8_0018,16,B,63,0.12878616154193878,K
2KC8_0018,17,B,64,0.12280107289552689,E
2KC8_0018,18,B,65,0.3222382068634033,R
2KC8_0018,19,B,66,0.24039806425571442,R
2KC8_0018,20,B,67,0.1689409762620926,K
2KC8_0018,21,B,68,0.16062991321086884,N
2KC8_0018,22,B,69,0.22715483605861664,A
2KC8_0018,23,B,70,0.15087822079658508,K
2KC8_0018,24,B,71,0.6469908356666565,P
2KC8_0018,25,B,72,0.22992245852947235,V
2KC8_0018,26,B,73,0.2327764630317688,E
2KC8_0018,27,B,74,0.26084670424461365,I
2KC8_0018,28,B,75,0.33083951473236084,S
2KC8_0018,29,B,76,0.3003476560115814,V
2KC8_0018,30,B,77,0.15699149668216705,E
2KC8_0018,31,B,78,0.1293456107378006,E
2KC8_0018,32,B,79,0.38042938709259033,L
2KC8_0019,0,B,47,0.0895191878080368,G
2KC8_0019,1,B,48,0.08484649658203125,L
2KC8_0019,2,B,49,0.1258670687675476,E
2KC8_0019,3,B,50,0.10550341010093689,E
2KC8_0019,4,B,51,0.14826343953609467,E
2KC8_0019,5,B,52,0.08848059177398682,E
2KC8_0019,6,B,53,0.11957502365112305,I
2KC8_0019,7,B,54,0.18280678987503052,E
2KC8_0019,8,B,55,0.21794594824314117,D
2KC8_0019,9,B,56,0.1276286244392395,V
2KC8_0019,10,B,57,0.11757185310125351,V
2KC8_0019,11,B,58,0.517133355140686,L
2KC8_0019,12,B,59,0.7157626152038574,E
2KC8_0019,13,B,60,0.12478601187467575,G
2KC8_0019,14,B,61,0.3754972219467163,L
2KC8_0019,15,B,62,0.32179802656173706,V
2KC8_0019,16,B,63,0.14728356897830963,K
2KC8_0019,17,B,64,0.12434327602386475,E
2KC8_0019,18,B,65,0.26560157537460327,E
2KC8_0019,19,B,66,0.1722823530435562,L
2KC8_0019,20,B,67,0.16154323518276215,K
2KC8_0019,21,B,68,0.13799647986888885,N
2KC8_0019,22,B,69,0.2793016731739044,P
2KC8_0019,23,B,70,0.16030588746070862,K
2KC8_0019,24,B,71,0.2855408489704132,P
2KC8_0019,25,B,72,0.28246456384658813,V
2KC8_0019,26,B,73,0.10746050626039505,R
2KC8_0019,27,B,74,0.17419572174549103,L
2KC8_0019,28,B,75,0.274951308965683,S
2KC8_0019,29,B,76,0.34517061710357666,I
2KC8_0019,30,B,77,0.19985640048980713,E
2KC8_0019,31,B,78,0.12117289006710052,E
2KC8_0019,32,B,79,0.40132251381874084,L
2KC8_0020,0,B,47,0.09203479439020157,R
2KC8_0020,1,B,48,0.16124781966209412,R
2KC8_0020,2,B,49,0.14669491350650787,E
2KC8_0020,3,B,50,0.11694034188985825,P
2KC8_0020,4,B,51,0.13109879195690155,T
2KC8_0020,5,B,52,0.49202823638916016,S
2KC8_0020,6,B,53,0.14524732530117035,E
2KC8_0020,7,B,54,0.15580418705940247,E
2KC8_0020,8,B,55,0.45540961623191833,D
2KC8_0020,9,B,56,0.24895723164081573,D
2KC8_0020,10,B,57,0.3263903558254242,V
2KC8_0020,11,B,58,0.24424830079078674,L
2KC8_0020,12,B,59,0.3626684546470642,E
2KC8_0020,13,B,60,0.11483956128358841,E
2KC8_0020,14,B,61,0.1430869698524475,L
2KC8_0020,15,B,62,0.1571735143661499,Y
2KC8_0020,16,B,63,0.12878546118736267,K
2KC8_0020,17,B,64,0.13013355433940887,E
2KC8_0020,18,B,65,0.23426012694835663,E
2KC8_0020,19,B,66,0.2498883455991745,L
2KC8_0020,20,B,67,0.14727137982845306,K
2KC8_0020,21,B,68,0.10113279521465302,G
2KC8_0020,22,B,69,0.2468639761209488,P
2KC8_0020,23,B,70,0.13389986753463745,K
2KC8_0020,24,B,71,0.1957331895828247,A
2KC8_0020,25,B,72,0.224234476685524,V
2KC8_0020,26,B,73,0.23886923491954803,P
2KC8_0020,27,B,74,0.1955389380455017,V
2KC8_0020,28,B,75,0.3082115948200226,T
2KC8_0020,29,B,76,0.28851571679115295,V
2KC8_0020,30,B,77,0.15186776220798492,E
2KC8_0020,31,B,78,0.12473560124635696,E
2KC8_0020,32,B,79,0.4686640799045563,L
