seedName,rmsd,peptideChainID,peptideResIdx,seedResIdx,length
2608-788-7,7.43049,B,24,0,5
2608-791-7,9.50809,B,25,0,5
21374-102-7,12.659,B,26,2,5
299-468-7,3.90459,B,23,0,5
4143-92-7,8.80448,B,26,0,5
4143-144-7,10.7177,B,22,2,5
4143-145-7,10.596,B,21,2,5
1090-0-7,1.89214,B,22,2,5
1090-1-6,1.89214,B,22,1,5
1090-2-5,1.89214,B,22,0,5
18232-171-7,3.74596,B,24,2,5
20800-30-7,8.22497,B,27,0,5
20800-31-7,8.93426,B,21,2,5
20800-32-7,7.73938,B,21,2,5
19017-7-7,1.66413,B,22,1,5
17650-193-7,1.60248,B,22,1,5
21399-59-7,5.15166,B,18,2,5
21399-61-7,4.72939,B,19,1,5
3046-148-7,8.95816,B,20,2,5
1132-170-7,9.07761,B,20,2,5
22418-270-7,10.1508,B,13,0,5
22418-271-7,10.6726,B,13,0,5
19176-31-7,8.14677,B,27,0,5
14500-396-7,7.28982,B,26,0,5
15637-205-7,15.1132,B,22,2,5
2497-40-7,15.9633,B,13,0,5
14895-1110-7,12.0489,B,19,0,5
993-407-7,8.55295,B,13,2,5
7758-2090-7,5.94267,B,27,0,5
12188-571-7,7.10291,B,24,0,5
7418-209-7,11.9274,B,27,2,5
502-335-7,9.14007,B,27,2,5
18207-82-5,20.225,B,27,0,5
5404-198-7,16.3899,B,9,2,5
14787-147-7,18.628,B,27,1,5
6639-61-7,18.0432,B,27,2,5
16746-378-7,15.0687,B,27,0,5
15723-120-7,8.83361,B,27,1,5
1248-668-7,17.5374,B,27,0,5
9804-479-7,17.9415,B,27,0,5
7604-128-7,19.2355,B,27,0,5
7879-320-7,6.5337,B,27,1,5
17057-183-7,11.4583,B,27,1,5
5220-28-6,14.2728,B,27,1,5
5220-28-7,14.2728,B,27,1,5
5220-29-7,14.2728,B,27,0,5
8202-382-7,18.4009,B,27,0,5
17474-81-7,18.0044,B,27,1,5
3273-208-7,10.4313,B,27,2,5
1238-5-7,11.6753,B,27,0,5
1238-185-7,7.79258,B,27,2,5
3004-371-7,5.97989,B,26,0,5
313-232-7,22.1838,B,27,0,5
10950-139-7,18.0486,B,26,2,5
13122-188-7,19.1906,B,27,0,5
13122-190-7,21.4607,B,27,0,5
4397-140-7,10.5783,B,26,2,5
17426-815-7,22.5074,B,24,0,5
21461-115-7,22.3952,B,26,1,5
21461-116-7,22.3952,B,26,0,5
3864-9-7,20.7512,B,26,2,5
7844-147-7,23.7619,B,27,0,5
20701-515-7,22.1092,B,24,2,5
20701-516-7,22.1092,B,24,1,5
13033-82-7,23.3405,B,3,1,5
33-73-7,22.2481,B,3,0,5
2721-813-7,20.8631,B,3,2,5
22896-380-7,17.7252,B,0,0,5
23398-165-7,21.6895,B,11,2,5
6964-420-7,20.587,B,0,2,5
6964-528-7,19.1413,B,0,0,5
6964-530-7,22.9059,B,3,0,5
7173-19-7,13.2027,B,0,0,5
19005-184-7,10.2001,B,0,0,5
19005-186-7,13.0949,B,0,0,5
19005-187-7,14.674,B,0,0,5
16377-299-7,7.80101,B,3,1,5
18736-234-7,6.45694,B,0,0,5
3211-448-7,6.02576,B,4,2,5
23378-638-7,4.05395,B,8,0,5
18490-98-7,15.1383,B,0,0,5
6035-1257-7,5.97364,B,7,0,5
6035-1294-7,11.2174,B,0,2,5
16451-72-7,6.19885,B,7,0,5
22339-786-7,11.0507,B,11,2,5
22339-787-7,10.3163,B,11,2,5
22339-790-7,9.77864,B,11,0,5
20130-226-7,10.7876,B,11,0,5
16605-40-7,23.0555,B,14,0,5
16605-497-7,18.2737,B,15,0,5
6560-14-7,6.28312,B,3,1,5
21046-559-7,17.5147,B,3,0,5
21046-66-7,4.74837,B,0,0,5
21046-210-7,17.6524,B,3,0,5
16997-40-7,6.18936,B,3,0,5
6181-499-7,8.8026,B,0,1,5
6181-166-7,8.83426,B,0,1,5
19579-1292-7,18.3393,B,2,0,5
19579-1295-7,22.4896,B,2,0,5
19579-1359-7,16.3173,B,2,2,5
20903-328-7,20.652,B,2,1,5
14778-5-7,12.6878,B,2,2,5
22436-234-7,4.74743,B,1,2,5
6587-666-7,3.7089,B,7,0,5
6587-668-7,4.25825,B,14,2,5
15033-676-7,6.35836,B,18,2,5
13588-698-7,6.8472,B,18,2,5
20706-150-7,19.4527,B,24,0,5
20706-154-7,24.8085,B,24,0,5
3506-277-7,23.1151,B,23,2,5
3506-329-7,18.827,B,19,2,5
19658-384-7,8.61163,B,20,2,5
19658-397-7,16.4387,B,22,0,5
651-132-7,12.4547,B,20,2,5
21183-375-7,12.2037,B,22,0,5
23572-1686-7,20.9359,B,23,2,5
23572-1688-7,17.09,B,23,2,5
7026-240-7,20.1428,B,24,0,5
18632-189-7,6.991,B,21,1,5
19893-38-7,4.06597,B,13,1,5
2545-117-7,4.83095,B,3,0,5
2062-123-7,3.65955,B,15,0,5
7606-0-5,13.071,B,9,0,5
18085-263-7,5.52473,B,9,2,5
5092-56-6,15.3947,B,6,0,5
5092-0-6,15.4606,B,6,0,5
10249-55-7,14.8501,B,9,2,5
10249-56-7,13.6249,B,6,2,5
10249-57-7,13.011,B,6,2,5
12325-212-7,19.213,B,2,1,5
23181-230-7,13.5634,B,6,2,5
2519-694-7,8.78739,B,2,2,5
7161-68-7,12.628,B,6,1,5
5306-174-7,7.80779,B,5,2,5
5306-285-7,18.4284,B,2,0,5
14731-140-7,12.9373,B,2,0,5
